{
  "method": "B3LYP/6-31G(2df,p)",
  "grid": "50/302/no_prune/cart",
  "aux_basis": "def2-universal-jkfit",
  "molecules": {
    "H2":    {"nbas": 10, "nelec": 2,  "conv": -1.1785340277, "df": -1.1785495311},
    "H2O":   {"nbas": 41, "nelec": 10, "conv": -76.4257467552, "df": -76.4257576995},
    "CH4":   {"nbas": 51, "nelec": 10, "conv": -40.5255536643, "df": -40.5255695101},
    "N2":    {"nbas": 62, "nelec": 14, "conv": -109.5359680111, "df": -109.5359647306},
    "C2H2":  {"nbas": 72, "nelec": 14, "conv": -77.3399767184, "df": -77.3399828479},
    "CH2O":  {"nbas": 72, "nelec": 16, "conv": -114.5118459743, "df": -114.5118539040},
    "C2H4":  {"nbas": 82, "nelec": 16, "conv": -78.5994598908, "df": -78.5994778400},
    "CH3OH": {"nbas": 82, "nelec": 18, "conv": -115.7284892988, "df": -115.7285096844},
    "C2H6":  {"nbas": 92, "nelec": 18, "conv": -79.8418064920, "df": -79.8418275510}
  }
}
