label,q0,q1,q2,mode_0,mode_1,mode_2,mode_3,mode_4,mode_5
Gamma,0.0,0.0,0.0,0.0,0.0,0.0,586.3043,586.3043,586.3043
X,0.5,0.0,0.5,-237.5041,-237.5041,348.564,348.564,422.9358,422.9358
L,0.5,0.5,0.5,-89.97581,-89.97581,366.5293,416.9146,475.3207,475.3207
